{
    "accuracy": 0.9991970429239218,
    "0": {
        "FI_0": 593.1273505239086,
        "accuracy_perm": 0.5237382756077791
    },
    "1": {
        "FI_1": 3.9354473130073413,
        "accuracy_perm": 0.9968399753780145
    },
    "2": {
        "FI_2": 4.662193480351679,
        "accuracy_perm": 0.9962564221329709
    },
    "3": {
        "FI_3": 4.284589074864652,
        "accuracy_perm": 0.9965596260383591
    },
    "4": {
        "FI_4": 4.185918576948458,
        "accuracy_perm": 0.9966388551995661
    }
}