{
    "accuracy": 0.9992320877613987,
    "0": {
        "FI_0": 620.2419360324794,
        "accuracy_perm": 0.523702434007542
    },
    "1": {
        "FI_1": 4.166625429852619,
        "accuracy_perm": 0.9968003656724945
    },
    "2": {
        "FI_2": 4.797569594447306,
        "accuracy_perm": 0.9963158496171866
    },
    "3": {
        "FI_3": 4.27971919520438,
        "accuracy_perm": 0.9967135184550338
    },
    "4": {
        "FI_4": 4.410669870874992,
        "accuracy_perm": 0.9966129585190264
    }
}