{
    "accuracy": 0.8224383079088986,
    "0": {
        "FI_0": 1.0003861401213825,
        "accuracy_perm": 0.8223697442117003
    },
    "1": {
        "FI_1": 1.0211518977601728,
        "accuracy_perm": 0.8186825409401454
    },
    "2": {
        "FI_2": 1.0004033019045546,
        "accuracy_perm": 0.8223666969362693
    },
    "3": {
        "FI_3": 1.0391717700913543,
        "accuracy_perm": 0.8154829017375564
    },
    "4": {
        "FI_4": 1.0254938289028288,
        "accuracy_perm": 0.817911580256093
    },
    "5": {
        "FI_5": 1.0003947210129682,
        "accuracy_perm": 0.8223682205739848
    },
    "6": {
        "FI_6": 1.0004204636877276,
        "accuracy_perm": 0.8223636496608382
    },
    "7": {
        "FI_7": 1.0632840754487924,
        "accuracy_perm": 0.8112014797569493
    },
    "8": {
        "FI_8": 1.0006006624110395,
        "accuracy_perm": 0.8223316532688123
    },
    "9": {
        "FI_9": 1.0004719490372451,
        "accuracy_perm": 0.8223545078345451
    },
    "10": {
        "FI_10": 1.0004891108204172,
        "accuracy_perm": 0.8223514605591141
    },
    "11": {
        "FI_11": 1.0003346547718643,
        "accuracy_perm": 0.8223788860379935
    },
    "12": {
        "FI_12": 1.0610273009616014,
        "accuracy_perm": 0.8116021964761307
    },
    "13": {
        "FI_13": 1.0003346547718643,
        "accuracy_perm": 0.8223788860379935
    },
    "14": {
        "FI_14": 1.0004976917120039,
        "accuracy_perm": 0.8223499369213986
    },
    "15": {
        "FI_15": 1.0004805299288315,
        "accuracy_perm": 0.8223529841968296
    },
    "16": {
        "FI_16": 1.0004891108204172,
        "accuracy_perm": 0.8223514605591141
    },
    "17": {
        "FI_17": 1.01790832074056,
        "accuracy_perm": 0.8192584759966114
    },
    "18": {
        "FI_18": 1.0005577579531078,
        "accuracy_perm": 0.8223392714573899
    },
    "19": {
        "FI_19": 1.0209373754705158,
        "accuracy_perm": 0.8187206318830333
    },
    "20": {
        "FI_20": 1.0003518165550371,
        "accuracy_perm": 0.8223758387625624
    },
    "21": {
        "FI_21": 1.0003089120971056,
        "accuracy_perm": 0.82238345695114
    },
    "22": {
        "FI_22": 1.0005062726035903,
        "accuracy_perm": 0.822348413283683
    },
    "23": {
        "FI_23": 1.0004891108204172,
        "accuracy_perm": 0.8223514605591141
    },
    "24": {
        "FI_24": 1.0004805299288315,
        "accuracy_perm": 0.8223529841968296
    },
    "25": {
        "FI_25": 1.0003861401213825,
        "accuracy_perm": 0.8223697442117003
    },
    "26": {
        "FI_26": 1.0004719490372451,
        "accuracy_perm": 0.8223545078345451
    },
    "27": {
        "FI_27": 1.0004633681456585,
        "accuracy_perm": 0.8223560314722607
    },
    "28": {
        "FI_28": 1.0003260738802784,
        "accuracy_perm": 0.8223804096757089
    },
    "29": {
        "FI_29": 1.042964524172489,
        "accuracy_perm": 0.8148094538672972
    },
    "30": {
        "FI_30": 1.0004033019045546,
        "accuracy_perm": 0.8223666969362693
    },
    "31": {
        "FI_31": 1.0005491770615214,
        "accuracy_perm": 0.8223407950951055
    },
    "32": {
        "FI_32": 1.0004204636877276,
        "accuracy_perm": 0.8223636496608382
    },
    "33": {
        "FI_33": 1.0282654568851959,
        "accuracy_perm": 0.8174194452739806
    },
    "34": {
        "FI_34": 1.0357136707820844,
        "accuracy_perm": 0.8160969277369104
    },
    "35": {
        "FI_35": 1.0004633681456585,
        "accuracy_perm": 0.8223560314722607
    },
    "36": {
        "FI_36": 1.0003861401213825,
        "accuracy_perm": 0.8223697442117003
    },
    "37": {
        "FI_37": 1.004831041963074,
        "accuracy_perm": 0.8215804998750617
    },
    "38": {
        "FI_38": 1.0155399946627477,
        "accuracy_perm": 0.8196790000060945
    },
    "39": {
        "FI_39": 1.0004033019045546,
        "accuracy_perm": 0.8223666969362693
    },
    "40": {
        "FI_40": 1.0005491770615214,
        "accuracy_perm": 0.8223407950951055
    },
    "41": {
        "FI_41": 1.0069161986185389,
        "accuracy_perm": 0.8212102559101907
    },
    "42": {
        "FI_42": 1.0003861401213825,
        "accuracy_perm": 0.8223697442117003
    },
    "43": {
        "FI_43": 1.0004633681456585,
        "accuracy_perm": 0.8223560314722607
    },
    "44": {
        "FI_44": 1.0006264050857983,
        "accuracy_perm": 0.8223270823556658
    },
    "45": {
        "FI_45": 1.000454787254072,
        "accuracy_perm": 0.8223575551099762
    },
    "46": {
        "FI_46": 1.0005234343867626,
        "accuracy_perm": 0.822345366008252
    },
    "47": {
        "FI_47": 1.000411882796141,
        "accuracy_perm": 0.8223651732985537
    },
    "48": {
        "FI_48": 1.0004633681456585,
        "accuracy_perm": 0.8223560314722607
    },
    "49": {
        "FI_49": 1.000411882796141,
        "accuracy_perm": 0.8223651732985537
    },
    "50": {
        "FI_50": 1.0432047891369047,
        "accuracy_perm": 0.8147667920112627
    },
    "51": {
        "FI_51": 1.000257426747588,
        "accuracy_perm": 0.8223925987774331
    },
    "52": {
        "FI_52": 1.000514853495176,
        "accuracy_perm": 0.8223468896459676
    },
    "53": {
        "FI_53": 1.0003603974466238,
        "accuracy_perm": 0.8223743151248468
    },
    "54": {
        "FI_54": 1.0003947210129682,
        "accuracy_perm": 0.8223682205739848
    },
    "55": {
        "FI_55": 1.0002831694223469,
        "accuracy_perm": 0.8223880278642866
    },
    "56": {
        "FI_56": 1.0004633681456585,
        "accuracy_perm": 0.8223560314722607
    },
    "57": {
        "FI_57": 1.0002745885307602,
        "accuracy_perm": 0.8223895515020021
    },
    "58": {
        "FI_58": 1.0003089120971056,
        "accuracy_perm": 0.82238345695114
    },
    "59": {
        "FI_59": 1.03897440958487,
        "accuracy_perm": 0.8155179454050133
    },
    "60": {
        "FI_60": 1.0004204636877276,
        "accuracy_perm": 0.8223636496608382
    },
    "61": {
        "FI_61": 1.0004204636877276,
        "accuracy_perm": 0.8223636496608382
    },
    "62": {
        "FI_62": 1.0284370747169218,
        "accuracy_perm": 0.8173889725196701
    },
    "63": {
        "FI_63": 1.000454787254072,
        "accuracy_perm": 0.8223575551099762
    },
    "64": {
        "FI_64": 1.0004290445793134,
        "accuracy_perm": 0.8223621260231228
    },
    "65": {
        "FI_65": 1.000411882796141,
        "accuracy_perm": 0.8223651732985537
    },
    "66": {
        "FI_66": 1.0004462063624864,
        "accuracy_perm": 0.8223590787476917
    },
    "67": {
        "FI_67": 1.0003861401213825,
        "accuracy_perm": 0.8223697442117003
    },
    "68": {
        "FI_68": 1.0481388017990136,
        "accuracy_perm": 0.8138907003248396
    },
    "69": {
        "FI_69": 1.000454787254072,
        "accuracy_perm": 0.8223575551099762
    },
    "70": {
        "FI_70": 1.0003432356634507,
        "accuracy_perm": 0.8223773624002779
    },
    "71": {
        "FI_71": 1.0004376254708998,
        "accuracy_perm": 0.8223606023854072
    },
    "72": {
        "FI_72": 1.0004891108204172,
        "accuracy_perm": 0.8223514605591141
    },
    "73": {
        "FI_73": 1.0004376254708998,
        "accuracy_perm": 0.8223606023854072
    },
    "74": {
        "FI_74": 1.0003603974466238,
        "accuracy_perm": 0.8223743151248468
    },
    "75": {
        "FI_75": 1.0003603974466238,
        "accuracy_perm": 0.8223743151248468
    },
    "76": {
        "FI_76": 1.0001544560485525,
        "accuracy_perm": 0.8224108824300194
    },
    "77": {
        "FI_77": 1.0005234343867626,
        "accuracy_perm": 0.822345366008252
    },
    "78": {
        "FI_78": 1.0003775592297959,
        "accuracy_perm": 0.8223712678494158
    },
    "79": {
        "FI_79": 1.0343149854535216,
        "accuracy_perm": 0.8163452806845399
    },