{
    "accuracy": 0.823732144897726,
    "0": {
        "FI_0": 1.000440837046795,
        "accuracy_perm": 0.8236544394926294
    },
    "1": {
        "FI_1": 1.0225864157505011,
        "accuracy_perm": 0.8197508856130727
    },
    "2": {
        "FI_2": 1.0000777947729638,
        "accuracy_perm": 0.8237184321791795
    },
    "3": {
        "FI_3": 1.0433316885408577,
        "accuracy_perm": 0.8160941606673523
    },
    "4": {
        "FI_4": 1.0251795748492951,
        "accuracy_perm": 0.8192937949948578
    },
    "5": {
        "FI_5": 1.0007001529566741,
        "accuracy_perm": 0.823608730430808
    },
    "6": {
        "FI_6": 1.0005186318197588,
        "accuracy_perm": 0.823640726774083
    },
    "7": {
        "FI_7": 1.0632471504196002,
        "accuracy_perm": 0.8125837047194606
    },
    "8": {
        "FI_8": 1.000337110682843,
        "accuracy_perm": 0.8236727231173581
    },
    "9": {
        "FI_9": 1.0004667686377828,
        "accuracy_perm": 0.8236498685864473
    },
    "10": {
        "FI_10": 1.000440837046795,
        "accuracy_perm": 0.8236544394926294
    },
    "11": {
        "FI_11": 1.000440837046795,
        "accuracy_perm": 0.8236544394926294
    },
    "12": {
        "FI_12": 1.0623654763260102,
        "accuracy_perm": 0.8127391155296537
    },
    "13": {
        "FI_13": 1.0006482897746987,
        "accuracy_perm": 0.8236178722431722
    },
    "14": {
        "FI_14": 1.0005186318197588,
        "accuracy_perm": 0.823640726774083
    },
    "15": {
        "FI_15": 1.0004149054558067,
        "accuracy_perm": 0.8236590103988116
    },
    "16": {
        "FI_16": 1.0003630422738312,
        "accuracy_perm": 0.8236681522111758
    },
    "17": {
        "FI_17": 1.014236443452382,
        "accuracy_perm": 0.8212227174037253
    },
    "18": {
        "FI_18": 1.0004149054558067,
        "accuracy_perm": 0.8236590103988116
    },
    "19": {
        "FI_19": 1.0186188823293452,
        "accuracy_perm": 0.8204502342589418
    },
    "20": {
        "FI_20": 1.0003630422738312,
        "accuracy_perm": 0.8236681522111758
    },
    "21": {
        "FI_21": 1.0006742213656865,
        "accuracy_perm": 0.8236133013369901
    },
    "22": {
        "FI_22": 1.0002074527279037,
        "accuracy_perm": 0.8236955776482687
    },
    "23": {
        "FI_23": 1.0007260845476624,
        "accuracy_perm": 0.8236041595246257
    },
    "24": {
        "FI_24": 1.0004927002287711,
        "accuracy_perm": 0.8236452976802651
    },
    "25": {
        "FI_25": 1.0004149054558067,
        "accuracy_perm": 0.8236590103988116
    },
    "26": {
        "FI_26": 1.0003630422738312,
        "accuracy_perm": 0.8236681522111758
    },
    "27": {
        "FI_27": 1.0006223581837104,
        "accuracy_perm": 0.8236224431493544
    },
    "28": {
        "FI_28": 1.0005445634107466,
        "accuracy_perm": 0.8236361558679008
    },
    "29": {
        "FI_29": 1.0425278092202315,
        "accuracy_perm": 0.816235858758999
    },
    "30": {
        "FI_30": 1.00012965795494,
        "accuracy_perm": 0.8237092903668152
    },
    "31": {
        "FI_31": 1.000311179091855,
        "accuracy_perm": 0.8236772940235402
    },
    "32": {
        "FI_32": 1.0005445634107466,
        "accuracy_perm": 0.8236361558679008
    },
    "33": {
        "FI_33": 1.0291989714524272,
        "accuracy_perm": 0.8185853045366244
    },
    "34": {
        "FI_34": 1.0370303119307869,
        "accuracy_perm": 0.8172048908696149
    },
    "35": {
        "FI_35": 1.000440837046795,
        "accuracy_perm": 0.8236544394926294
    },
    "36": {
        "FI_36": 1.0005445634107466,
        "accuracy_perm": 0.8236361558679008
    },
    "37": {
        "FI_37": 1.0058086763813,
        "accuracy_perm": 0.8227082619129242
    },
    "38": {
        "FI_38": 1.0157923389116592,
        "accuracy_perm": 0.8209484630327962
    },
    "39": {
        "FI_39": 1.000337110682843,
        "accuracy_perm": 0.8236727231173581
    },
    "40": {
        "FI_40": 1.0004667686377828,
        "accuracy_perm": 0.8236498685864473
    },
    "41": {
        "FI_41": 1.0053678393345047,
        "accuracy_perm": 0.8227859673180208
    },
    "42": {
        "FI_42": 1.0003630422738312,
        "accuracy_perm": 0.8236681522111758
    },
    "43": {
        "FI_43": 1.0007779477296386,
        "accuracy_perm": 0.8235950177122614
    },
    "44": {
        "FI_44": 1.0004927002287711,
        "accuracy_perm": 0.8236452976802651
    },
    "45": {
        "FI_45": 1.000570495001735,
        "accuracy_perm": 0.8236315849617186
    },
    "46": {
        "FI_46": 1.0004149054558067,
        "accuracy_perm": 0.8236590103988116
    },
    "47": {
        "FI_47": 1.000440837046795,
        "accuracy_perm": 0.8236544394926294
    },
    "48": {
        "FI_48": 1.000570495001735,
        "accuracy_perm": 0.8236315849617186
    },
    "49": {
        "FI_49": 1.0004667686377828,
        "accuracy_perm": 0.8236498685864473
    },
    "50": {
        "FI_50": 1.0435391412687613,
        "accuracy_perm": 0.8160575934178951
    },
    "51": {
        "FI_51": 1.0006482897746987,
        "accuracy_perm": 0.8236178722431722
    },
    "52": {
        "FI_52": 1.0005445634107466,
        "accuracy_perm": 0.8236361558679008
    },
    "53": {
        "FI_53": 1.0002333843188913,
        "accuracy_perm": 0.8236910067420866
    },
    "54": {
        "FI_54": 1.0005186318197588,
        "accuracy_perm": 0.823640726774083
    },
    "55": {
        "FI_55": 1.0007260845476624,
        "accuracy_perm": 0.8236041595246257
    },
    "56": {
        "FI_56": 1.0005186318197588,
        "accuracy_perm": 0.823640726774083
    },
    "57": {
        "FI_57": 1.000311179091855,
        "accuracy_perm": 0.8236772940235402
    },
    "58": {
        "FI_58": 1.000440837046795,
        "accuracy_perm": 0.8236544394926294
    },
    "59": {
        "FI_59": 1.04040141875922,
        "accuracy_perm": 0.8166106730659353
    },
    "60": {
        "FI_60": 1.000388973864819,
        "accuracy_perm": 0.8236635813049937
    },
    "61": {
        "FI_61": 1.0004667686377828,
        "accuracy_perm": 0.8236498685864473
    },
    "62": {
        "FI_62": 1.0304177562288608,
        "accuracy_perm": 0.8183704719460633
    },
    "63": {
        "FI_63": 1.0006223581837104,
        "accuracy_perm": 0.8236224431493544
    },
    "64": {
        "FI_64": 1.0003630422738312,
        "accuracy_perm": 0.8236681522111758
    },
    "65": {
        "FI_65": 1.000337110682843,
        "accuracy_perm": 0.8236727231173581
    },
    "66": {
        "FI_66": 1.000388973864819,
        "accuracy_perm": 0.8236635813049937
    },
    "67": {
        "FI_67": 1.0005186318197588,
        "accuracy_perm": 0.823640726774083
    },
    "68": {
        "FI_68": 1.0479475117367123,
        "accuracy_perm": 0.8152805393669295
    },
    "69": {
        "FI_69": 1.0004927002287711,
        "accuracy_perm": 0.8236452976802651
    },
    "70": {
        "FI_70": 1.000337110682843,
        "accuracy_perm": 0.8236727231173581
    },
    "71": {
        "FI_71": 1.0005445634107466,
        "accuracy_perm": 0.8236361558679008
    },
    "72": {
        "FI_72": 1.0003630422738312,
        "accuracy_perm": 0.8236681522111758
    },
    "73": {
        "FI_73": 1.0005445634107466,
        "accuracy_perm": 0.8236361558679008
    },
    "74": {
        "FI_74": 1.000388973864819,
        "accuracy_perm": 0.8236635813049937
    },
    "75": {
        "FI_75": 1.000570495001735,
        "accuracy_perm": 0.8236315849617186
    },
    "76": {
        "FI_76": 1.00012965795494,
        "accuracy_perm": 0.8237092903668152
    },
    "77": {
        "FI_77": 1.000570495001735,
        "accuracy_perm": 0.8236315849617186
    },
    "78": {
        "FI_78": 1.000337110682843,
        "accuracy_perm": 0.8236727231173581
    },
    "79": {
        "FI_79": 1.0367450644299194,
        "accuracy_perm": 0.8172551708376186
    },