{
    "accuracy": 437592,
    "0": {
        "FI_0": -7.617010774073393e-07,
        "accuracy_perm": 0.6666864738362526
    },
    "1": {
        "FI_1": -7.696292613379932e-07,
        "accuracy_perm": 0.6632171719018539
    },
    "2": {
        "FI_2": -7.61617512886331e-07,
        "accuracy_perm": 0.6667230409185652
    },
    "3": {
        "FI_3": -9.012747186213003e-07,
        "accuracy_perm": 0.6056103046037956
    },
    "4": {
        "FI_4": -7.756354612854583e-07,
        "accuracy_perm": 0.6605889128606428
    },
    "5": {
        "FI_5": -7.616732225670033e-07,
        "accuracy_perm": 0.6666986628636901
    },
    "6": {
        "FI_6": -7.616488495817092e-07,
        "accuracy_perm": 0.6667093282626979
    },
    "7": {
        "FI_7": -7.665060373653113e-07,
        "accuracy_perm": 0.6645838666032837
    },
    "8": {
        "FI_8": -7.618995431447339e-07,
        "accuracy_perm": 0.6665996270157604
    },
    "9": {
        "FI_9": -7.61617512886331e-07,
        "accuracy_perm": 0.6667230409185652
    },
    "10": {
        "FI_10": -7.616801862770872e-07,
        "accuracy_perm": 0.6666956156068308
    },
    "11": {
        "FI_11": -7.616592951468352e-07,
        "accuracy_perm": 0.6667047573774089
    },
    "12": {
        "FI_12": -7.800121530732631e-07,
        "accuracy_perm": 0.6586737119245255
    },
    "13": {
        "FI_13": -7.618055330585996e-07,
        "accuracy_perm": 0.666640764983362
    },
    "14": {
        "FI_14": -7.616488495817092e-07,
        "accuracy_perm": 0.6667093282626979
    },
    "15": {
        "FI_15": -7.616314403064991e-07,
        "accuracy_perm": 0.6667169464048464
    },
    "16": {
        "FI_16": -7.616592951468352e-07,
        "accuracy_perm": 0.6667047573774089
    },
    "17": {
        "FI_17": -7.66826368029176e-07,
        "accuracy_perm": 0.6644436927877525
    },
    "18": {
        "FI_18": -7.618159786237255e-07,
        "accuracy_perm": 0.666636194098073
    },
    "19": {
        "FI_19": -7.78365235638393e-07,
        "accuracy_perm": 0.6593943881717678
    },
    "20": {
        "FI_20": -7.616314403064991e-07,
        "accuracy_perm": 0.6667169464048464
    },
    "21": {
        "FI_21": -7.617115229724654e-07,
        "accuracy_perm": 0.6666819029509635
    },
    "22": {
        "FI_22": -7.617950874934736e-07,
        "accuracy_perm": 0.666645335868651
    },
    "23": {
        "FI_23": -7.616627770018772e-07,
        "accuracy_perm": 0.6667032337489792
    },
    "24": {
        "FI_24": -7.616801862770872e-07,
        "accuracy_perm": 0.6666956156068308
    },
    "25": {
        "FI_25": -7.616140310312891e-07,
        "accuracy_perm": 0.6667245645469948
    },
    "26": {
        "FI_26": -7.616627770018772e-07,
        "accuracy_perm": 0.6667032337489792
    },
    "27": {
        "FI_27": -7.618438334640615e-07,
        "accuracy_perm": 0.6666240050706355
    },
    "28": {
        "FI_28": -7.618995431447339e-07,
        "accuracy_perm": 0.6665996270157604
    },
    "29": {
        "FI_29": -8.477690521907524e-07,
        "accuracy_perm": 0.629023902682805
    },
    "30": {
        "FI_30": -7.616801862770872e-07,
        "accuracy_perm": 0.6666956156068308
    },
    "31": {
        "FI_31": -7.618438334640615e-07,
        "accuracy_perm": 0.6666240050706355
    },
    "32": {
        "FI_32": -7.617707145081793e-07,
        "accuracy_perm": 0.6666560012676589
    },
    "33": {
        "FI_33": -7.67574966863208e-07,
        "accuracy_perm": 0.6641161126753696
    },
    "34": {
        "FI_34": -7.645283437014505e-07,
        "accuracy_perm": 0.6654492875513462
    },
    "35": {
        "FI_35": -7.616209947413732e-07,
        "accuracy_perm": 0.6667215172901354
    },
    "36": {
        "FI_36": -7.616627770018772e-07,
        "accuracy_perm": 0.6667032337489792
    },
    "37": {
        "FI_37": -7.656007550543891e-07,
        "accuracy_perm": 0.6649800099950025
    },
    "38": {
        "FI_38": -8.008232006593492e-07,
        "accuracy_perm": 0.6495669848002827
    },
    "39": {
        "FI_39": -7.616314403064991e-07,
        "accuracy_perm": 0.6667169464048464
    },
    "40": {
        "FI_40": -7.616906318422134e-07,
        "accuracy_perm": 0.6666910447215416
    },
    "41": {
        "FI_41": -7.77616636804361e-07,
        "accuracy_perm": 0.6597219682841506
    },
    "42": {
        "FI_42": -7.616418858716251e-07,
        "accuracy_perm": 0.6667123755195573
    },
    "43": {
        "FI_43": -7.619065068548178e-07,
        "accuracy_perm": 0.6665965797589011
    },
    "44": {
        "FI_44": -7.616418858716251e-07,
        "accuracy_perm": 0.6667123755195573
    },
    "45": {
        "FI_45": -7.616871499871713e-07,
        "accuracy_perm": 0.6666925683499714
    },
    "46": {
        "FI_46": -7.618438334640615e-07,
        "accuracy_perm": 0.6666240050706355
    },
    "47": {
        "FI_47": -7.616558132917933e-07,
        "accuracy_perm": 0.6667062810058385
    },
    "48": {
        "FI_48": -7.616732225670033e-07,
        "accuracy_perm": 0.6666986628636901
    },
    "49": {
        "FI_49": -7.61634922161541e-07,
        "accuracy_perm": 0.6667154227764167
    },
    "50": {
        "FI_50": -9.106896546548918e-07,
        "accuracy_perm": 0.6014904133299204
    },
    "51": {
        "FI_51": -7.616975955522973e-07,
        "accuracy_perm": 0.6666879974646823
    },
    "52": {
        "FI_52": -7.618264241888517e-07,
        "accuracy_perm": 0.6666316232127838
    },
    "53": {
        "FI_53": -7.618333878989356e-07,
        "accuracy_perm": 0.6666285759559245
    },
    "54": {
        "FI_54": -7.61634922161541e-07,
        "accuracy_perm": 0.6667154227764167
    },
    "55": {
        "FI_55": -7.618542790291878e-07,
        "accuracy_perm": 0.6666194341853463
    },
    "56": {
        "FI_56": -7.616418858716251e-07,
        "accuracy_perm": 0.6667123755195573
    },
    "57": {
        "FI_57": -7.616558132917933e-07,
        "accuracy_perm": 0.6667062810058385
    },
    "58": {
        "FI_58": -7.618507971741456e-07,
        "accuracy_perm": 0.6666209578137761
    },
    "59": {
        "FI_59": -7.693959770501786e-07,
        "accuracy_perm": 0.663319255006643
    },
    "60": {
        "FI_60": -7.61596621756079e-07,
        "accuracy_perm": 0.6667321826891432
    },
    "61": {
        "FI_61": -7.617010774073393e-07,
        "accuracy_perm": 0.6666864738362526
    },
    "62": {
        "FI_62": -7.79618703453516e-07,
        "accuracy_perm": 0.6588458819370803
    },
    "63": {
        "FI_63": -7.616732225670033e-07,
        "accuracy_perm": 0.6666986628636901
    },
    "64": {
        "FI_64": -7.617881237833895e-07,
        "accuracy_perm": 0.6666483831255104
    },
    "65": {
        "FI_65": -7.616001036111211e-07,
        "accuracy_perm": 0.6667306590607135
    },
    "66": {
        "FI_66": -7.618368697539778e-07,
        "accuracy_perm": 0.6666270523274948
    },
    "67": {
        "FI_67": -7.618194604787677e-07,
        "accuracy_perm": 0.6666346704696432
    },
    "68": {
        "FI_68": -7.720212957518532e-07,
        "accuracy_perm": 0.6621704391706585
    },
    "69": {
        "FI_69": -7.616558132917933e-07,
        "accuracy_perm": 0.6667062810058385
    },
    "70": {
        "FI_70": -7.616627770018772e-07,
        "accuracy_perm": 0.6667032337489792
    },
    "71": {
        "FI_71": -7.616697407119611e-07,
        "accuracy_perm": 0.6667001864921198
    },
    "72": {
        "FI_72": -7.618159786237255e-07,
        "accuracy_perm": 0.666636194098073
    },
    "73": {
        "FI_73": -7.616592951468352e-07,
        "accuracy_perm": 0.6667047573774089
    },
    "74": {
        "FI_74": -7.616418858716251e-07,
        "accuracy_perm": 0.6667123755195573
    },
    "75": {
        "FI_75": -7.616801862770872e-07,
        "accuracy_perm": 0.6666956156068308
    },
    "76": {
        "FI_76": -7.616767044220452e-07,
        "accuracy_perm": 0.6666971392352604
    },