{
    "accuracy": 145646,
    "0": {
        "FI_0": -2.2950932142482374e-06,
        "accuracy_perm": 0.6657311588108384
    },
    "1": {
        "FI_1": -2.3207651162459275e-06,
        "accuracy_perm": 0.6619921746443851
    },
    "2": {
        "FI_2": -2.295532586654066e-06,
        "accuracy_perm": 0.6656671664167916
    },
    "3": {
        "FI_3": -2.698217396595832e-06,
        "accuracy_perm": 0.607018137272827
    },
    "4": {
        "FI_4": -2.334197358366968e-06,
        "accuracy_perm": 0.6600358357406663
    },
    "5": {
        "FI_5": -2.295375667937698e-06,
        "accuracy_perm": 0.6656900208432369
    },
    "6": {
        "FI_6": -2.2952815167078783e-06,
        "accuracy_perm": 0.6657037334991041
    },
    "7": {
        "FI_7": -2.3083685376529107e-06,
        "accuracy_perm": 0.663797674333565
    },
    "8": {
        "FI_8": -2.296066110289714e-06,
        "accuracy_perm": 0.6655894613668776
    },
    "9": {
        "FI_9": -2.295375667937698e-06,
        "accuracy_perm": 0.6656900208432369
    },
    "10": {
        "FI_10": -2.295532586654066e-06,
        "accuracy_perm": 0.6656671664167916
    },
    "11": {
        "FI_11": -2.295375667937698e-06,
        "accuracy_perm": 0.6656900208432369
    },
    "12": {
        "FI_12": -2.3443656911875696e-06,
        "accuracy_perm": 0.6585548689070099
    },
    "13": {
        "FI_13": -2.295689505370433e-06,
        "accuracy_perm": 0.6656443119903462
    },
    "14": {
        "FI_14": -2.295250132964604e-06,
        "accuracy_perm": 0.6657083043843932
    },
    "15": {
        "FI_15": -2.295344284194425e-06,
        "accuracy_perm": 0.665694591728526
    },
    "16": {
        "FI_16": -2.2952815167078783e-06,
        "accuracy_perm": 0.6657037334991041
    },
    "17": {
        "FI_17": -2.308525456369278e-06,
        "accuracy_perm": 0.6637748199071196
    },
    "18": {
        "FI_18": -2.295909191573347e-06,
        "accuracy_perm": 0.6656123157933228
    },
    "19": {
        "FI_19": -2.3447422961068505e-06,
        "accuracy_perm": 0.6585000182835412
    },
    "20": {
        "FI_20": -2.295250132964604e-06,
        "accuracy_perm": 0.6657083043843932
    },
    "21": {
        "FI_21": -2.2950618305049634e-06,
        "accuracy_perm": 0.6657357296961276
    },
    "22": {
        "FI_22": -2.295689505370433e-06,
        "accuracy_perm": 0.6656443119903462
    },
    "23": {
        "FI_23": -2.2952187492213308e-06,
        "accuracy_perm": 0.6657128752696823
    },
    "24": {
        "FI_24": -2.295250132964604e-06,
        "accuracy_perm": 0.6657083043843932
    },
    "25": {
        "FI_25": -2.2949990630184168e-06,
        "accuracy_perm": 0.6657448714667057
    },
    "26": {
        "FI_26": -2.295375667937698e-06,
        "accuracy_perm": 0.6656900208432369
    },
    "27": {
        "FI_27": -2.295658121627159e-06,
        "accuracy_perm": 0.6656488828756354
    },
    "28": {
        "FI_28": -2.2955953541406125e-06,
        "accuracy_perm": 0.6656580246462135
    },
    "29": {
        "FI_29": -2.561352892180273e-06,
        "accuracy_perm": 0.6269517680184298
    },
    "30": {
        "FI_30": -2.2954384354242448e-06,
        "accuracy_perm": 0.6656808790726588
    },
    "31": {
        "FI_31": -2.295877807830073e-06,
        "accuracy_perm": 0.665616886678612
    },
    "32": {
        "FI_32": -2.29575227285698e-06,
        "accuracy_perm": 0.6656351702197681
    },
    "33": {
        "FI_33": -2.3139862276988605e-06,
        "accuracy_perm": 0.6629794858668226
    },
    "34": {
        "FI_34": -2.3044141860004548e-06,
        "accuracy_perm": 0.6643736058799868
    },
    "35": {
        "FI_35": -2.2954384354242448e-06,
        "accuracy_perm": 0.6656808790726588
    },
    "36": {
        "FI_36": -2.2952815167078783e-06,
        "accuracy_perm": 0.6657037334991041
    },
    "37": {
        "FI_37": -2.306014756907401e-06,
        "accuracy_perm": 0.6641404907302446
    },
    "38": {
        "FI_38": -2.404748013245707e-06,
        "accuracy_perm": 0.6497604856108531
    },
    "39": {
        "FI_39": -2.29503044676169e-06,
        "accuracy_perm": 0.6657403005814166
    },
    "40": {
        "FI_40": -2.2950618305049634e-06,
        "accuracy_perm": 0.6657357296961276
    },
    "41": {
        "FI_41": -2.3385910824252533e-06,
        "accuracy_perm": 0.6593959118001974
    },
    "42": {
        "FI_42": -2.2948735280453234e-06,
        "accuracy_perm": 0.6657631550078619
    },
    "43": {
        "FI_43": -2.295689505370433e-06,
        "accuracy_perm": 0.6656443119903462
    },
    "44": {
        "FI_44": -2.2954070516809716e-06,
        "accuracy_perm": 0.6656854499579479
    },
    "45": {
        "FI_45": -2.2953129004511514e-06,
        "accuracy_perm": 0.665699162613815
    },
    "46": {
        "FI_46": -2.2960033428031674e-06,
        "accuracy_perm": 0.6655986031374557
    },
    "47": {
        "FI_47": -2.2953129004511514e-06,
        "accuracy_perm": 0.665699162613815
    },
    "48": {
        "FI_48": -2.294967679275143e-06,
        "accuracy_perm": 0.6657494423519947
    },
    "49": {
        "FI_49": -2.29503044676169e-06,
        "accuracy_perm": 0.6657403005814166
    },
    "50": {
        "FI_50": -2.737039087025103e-06,
        "accuracy_perm": 0.6013639521702563
    },
    "51": {
        "FI_51": -2.295344284194425e-06,
        "accuracy_perm": 0.665694591728526
    },
    "52": {
        "FI_52": -2.2955953541406125e-06,
        "accuracy_perm": 0.6656580246462135
    },
    "53": {
        "FI_53": -2.2959405753166207e-06,
        "accuracy_perm": 0.6656077449080338
    },
    "54": {
        "FI_54": -2.295344284194425e-06,
        "accuracy_perm": 0.665694591728526
    },
    "55": {
        "FI_55": -2.295877807830073e-06,
        "accuracy_perm": 0.665616886678612
    },
    "56": {
        "FI_56": -2.295250132964604e-06,
        "accuracy_perm": 0.6657083043843932
    },
    "57": {
        "FI_57": -2.2952187492213308e-06,
        "accuracy_perm": 0.6657128752696823
    },
    "58": {
        "FI_58": -2.295877807830073e-06,
        "accuracy_perm": 0.665616886678612
    },
    "59": {
        "FI_59": -2.3150218912268843e-06,
        "accuracy_perm": 0.6628286466522836
    },
    "60": {
        "FI_60": -2.2949990630184168e-06,
        "accuracy_perm": 0.6657448714667057
    },
    "61": {
        "FI_61": -2.2954698191675183e-06,
        "accuracy_perm": 0.6656763081873698
    },
    "62": {
        "FI_62": -2.3487280315025804e-06,
        "accuracy_perm": 0.6579195158518302
    },
    "63": {
        "FI_63": -2.295344284194425e-06,
        "accuracy_perm": 0.665694591728526
    },
    "64": {
        "FI_64": -2.29575227285698e-06,
        "accuracy_perm": 0.6656351702197681
    },
    "65": {
        "FI_65": -2.2950618305049634e-06,
        "accuracy_perm": 0.6657357296961276
    },
    "66": {
        "FI_66": -2.295971959059894e-06,
        "accuracy_perm": 0.6656031740227447
    },
    "67": {
        "FI_67": -2.2956267378838856e-06,
        "accuracy_perm": 0.6656534537609244
    },
    "68": {
        "FI_68": -2.3243114792358285e-06,
        "accuracy_perm": 0.661475664606721
    },
    "69": {
        "FI_69": -2.2953129004511514e-06,
        "accuracy_perm": 0.665699162613815
    },
    "70": {
        "FI_70": -2.294967679275143e-06,
        "accuracy_perm": 0.6657494423519947
    },
    "71": {
        "FI_71": -2.295344284194425e-06,
        "accuracy_perm": 0.665694591728526
    },
    "72": {
        "FI_72": -2.2958150403435265e-06,
        "accuracy_perm": 0.66562602844919
    },
    "73": {
        "FI_73": -2.29503044676169e-06,
        "accuracy_perm": 0.6657403005814166
    },
    "74": {
        "FI_74": -2.2950932142482374e-06,
        "accuracy_perm": 0.6657311588108384
    },
    "75": {
        "FI_75": -2.295375667937698e-06,
        "accuracy_perm": 0.6656900208432369
    },
    "76": {
        "FI_76": -2.295375667937698e-06,